date,time,domain,creature,session,reflections,instinct_versions,path
2026-05-06,10:10:07,creatures,cores3,20260506_101007,11,7,creatures/cores3/logs/20260506_101007
2026-05-06,10:31:53,creatures,cores3,20260506_103153,57,11,creatures/cores3/logs/20260506_103153
2026-05-06,11:03:11,creatures,cores3,20260506_110311,0,1,creatures/cores3/logs/20260506_110311
2026-05-06,11:04:46,creatures,cores3,20260506_110446,10,8,creatures/cores3/logs/20260506_110446
2026-05-06,14:19:44,creatures,keep_changing,20260506_141944,0,1,creatures/keep_changing/logs/20260506_141944
2026-05-06,14:19:44,creatures,sticks3,20260506_141944,0,1,creatures/sticks3/logs/20260506_141944
2026-05-06,14:48:24,creatures,keep_changing,20260506_144824,28,3,creatures/keep_changing/logs/20260506_144824
2026-05-06,14:48:24,creatures,sticks3,20260506_144824,28,3,creatures/sticks3/logs/20260506_144824
2026-05-06,14:53:31,creatures,keep_changing,20260506_145331,6,4,creatures/keep_changing/logs/20260506_145331
2026-05-06,14:53:31,creatures,sticks3,20260506_145331,6,4,creatures/sticks3/logs/20260506_145331
2026-05-06,14:55:41,creatures,keep_changing,20260506_145541,2,2,creatures/keep_changing/logs/20260506_145541
2026-05-06,14:55:41,creatures,sticks3,20260506_145541,2,2,creatures/sticks3/logs/20260506_145541
2026-05-06,14:57:56,creatures,keep_changing,20260506_145756,4,5,creatures/keep_changing/logs/20260506_145756
2026-05-06,14:57:56,creatures,sticks3,20260506_145756,4,5,creatures/sticks3/logs/20260506_145756
2026-05-06,15:11:30,creatures,keep_changing,20260506_151130,0,1,creatures/keep_changing/logs/20260506_151130
2026-05-06,15:11:30,creatures,sticks3,20260506_151130,0,1,creatures/sticks3/logs/20260506_151130
2026-05-06,15:12:52,creatures,keep_changing,20260506_151252,5,4,creatures/keep_changing/logs/20260506_151252
2026-05-06,15:12:52,creatures,sticks3,20260506_151252,5,4,creatures/sticks3/logs/20260506_151252
2026-05-06,15:50:51,creatures,keep_changing,20260506_155051,4,3,creatures/keep_changing/logs/20260506_155051
2026-05-06,16:29:44,creatures,keep_changing,20260506_162944,11,8,creatures/keep_changing/logs/20260506_162944
2026-05-06,16:58:44,creatures,keep_changing,20260506_165844,2,3,creatures/keep_changing/logs/20260506_165844
2026-05-06,17:05:52,creatures,keep_changing,20260506_170552,5,6,creatures/keep_changing/logs/20260506_170552
2026-05-06,17:15:18,creatures,keep_changing,20260506_171518,9,6,creatures/keep_changing/logs/20260506_171518
2026-05-06,17:29:22,creatures,keep_changing,20260506_172922,0,1,creatures/keep_changing/logs/20260506_172922
2026-05-06,17:29:36,creatures,keep_changing,20260506_172936,2,3,creatures/keep_changing/logs/20260506_172936
2026-05-06,17:30:47,creatures,keep_changing,20260506_173047,0,1,creatures/keep_changing/logs/20260506_173047
2026-05-07,09:57:41,creatures,keep_changing,20260507_095741,1,2,creatures/keep_changing/logs/20260507_095741
2026-05-07,10:01:56,creatures,keep_changing,20260507_100156,0,1,creatures/keep_changing/logs/20260507_100156
2026-05-07,10:02:15,creatures,keep_changing,20260507_100215,8,6,creatures/keep_changing/logs/20260507_100215
2026-05-07,10:06:18,creatures,keep_changing,20260507_100618,13,4,creatures/keep_changing/logs/20260507_100618
2026-05-07,10:14:29,creatures,keep_changing,20260507_101429,5,6,creatures/keep_changing/logs/20260507_101429
2026-05-07,10:35:14,creatures,keep_changing,20260507_103514,0,1,creatures/keep_changing/logs/20260507_103514
2026-05-07,10:45:17,creatures,keep_changing,20260507_104517,34,10,creatures/keep_changing/logs/20260507_104517
2026-05-07,11:44:04,creatures,keep_changing,20260507_114404,40,9,creatures/keep_changing/logs/20260507_114404
2026-05-07,13:23:01,creatures,keep_changing,20260507_132301,6,7,creatures/keep_changing/logs/20260507_132301
2026-05-07,13:41:59,creatures,keep_changing,20260507_134159,3,3,creatures/keep_changing/logs/20260507_134159
2026-05-07,14:33:16,creatures,keep_changing,20260507_143316,0,1,creatures/keep_changing/logs/20260507_143316
2026-05-07,14:37:46,creatures,keep_changing,20260507_143746,0,1,creatures/keep_changing/logs/20260507_143746
2026-05-21,15:22:06,creatures,cores3,20260521_152206,7,4,creatures/cores3/logs/20260521_152206
2026-05-22,10:00:44,creatures,cores3,20260522_100044,0,1,creatures/cores3/logs/20260522_100044
2026-05-22,10:13:30,creatures,cores3,20260522_101330,0,1,creatures/cores3/logs/20260522_101330
2026-05-22,10:13:49,creatures,cores3,20260522_101349,0,1,creatures/cores3/logs/20260522_101349
2026-05-22,10:16:11,creatures,cores3,20260522_101611,0,1,creatures/cores3/logs/20260522_101611
2026-05-22,10:17:57,creatures,cores3,20260522_101757,1,2,creatures/cores3/logs/20260522_101757
2026-05-22,10:19:24,creatures,cores3,20260522_101924,0,1,creatures/cores3/logs/20260522_101924
2026-05-22,10:29:11,creatures,cores3,20260522_102911,0,1,creatures/cores3/logs/20260522_102911
2026-05-22,10:32:45,creatures,sticks3,20260522_103245,0,1,creatures/sticks3/logs/20260522_103245
2026-05-22,10:33:31,creatures,sticks3,20260522_103331,1,2,creatures/sticks3/logs/20260522_103331
2026-05-22,10:34:22,creatures,sticks3,20260522_103422,13,6,creatures/sticks3/logs/20260522_103422
2026-05-22,10:40:26,creatures,sticks3,20260522_104026,1,2,creatures/sticks3/logs/20260522_104026
2026-05-22,10:42:43,creatures,sticks3,20260522_104243,0,1,creatures/sticks3/logs/20260522_104243
2026-05-22,10:42:57,creatures,sticks3,20260522_104257,1,2,creatures/sticks3/logs/20260522_104257
2026-05-22,10:45:24,creatures,sticks3,20260522_104524,1,2,creatures/sticks3/logs/20260522_104524
2026-05-22,10:46:03,creatures,sticks3,20260522_104603,0,1,creatures/sticks3/logs/20260522_104603
2026-05-22,10:46:54,creatures,sticks3,20260522_104654,0,1,creatures/sticks3/logs/20260522_104654
2026-05-22,12:47:25,creatures,sticks3,20260522_124725,14,7,creatures/sticks3/logs/20260522_124725
2026-05-22,12:48:40,creatures,sticks3,20260522_124840,2,3,creatures/sticks3/logs/20260522_124840
2026-05-22,12:57:04,creatures,cores3,20260522_125704,0,1,creatures/cores3/logs/20260522_125704
2026-05-22,12:57:44,creatures,cores3,20260522_125744,3,4,creatures/cores3/logs/20260522_125744
2026-05-22,13:03:35,creatures,cores3,20260522_130335,10,5,creatures/cores3/logs/20260522_130335
2026-05-22,13:16:16,creatures,cores3,20260522_131616,3,2,creatures/cores3/logs/20260522_131616
2026-05-22,13:29:01,creatures,cores3,20260522_132901,0,1,creatures/cores3/logs/20260522_132901
2026-05-22,13:29:24,creatures,cores3,20260522_132924,0,1,creatures/cores3/logs/20260522_132924
2026-05-22,13:29:55,creatures,cores3,20260522_132955,0,1,creatures/cores3/logs/20260522_132955
2026-05-22,13:30:38,creatures,keep_changing_core,20260522_133038,3,4,creatures/keep_changing_core/logs/20260522_133038
2026-05-22,13:43:19,creatures,keep_changing_core,20260522_134319,7,6,creatures/keep_changing_core/logs/20260522_134319
2026-05-22,13:49:49,creatures,keep_changing_core,20260522_134949,3,3,creatures/keep_changing_core/logs/20260522_134949
2026-05-22,14:01:25,creatures,keep_changing_core,20260522_140125,3,4,creatures/keep_changing_core/logs/20260522_140125
2026-05-22,14:04:49,creatures,keep_changing,20260522_140449,0,1,creatures/keep_changing/logs/20260522_140449
2026-05-22,14:05:20,creatures,keep_changing,20260522_140520,7,4,creatures/keep_changing/logs/20260522_140520
2026-06-08,09:22:34,sim_creatures,dancer,20260608_092234,1,2,sim_creatures/dancer/logs/20260608_092234
2026-06-08,09:29:04,sim_creatures,dancer,20260608_092904,0,1,sim_creatures/dancer/logs/20260608_092904
2026-06-08,09:36:12,sim_creatures,dancer,20260608_093612,3,4,sim_creatures/dancer/logs/20260608_093612
2026-06-08,10:37:24,sim_creatures,dancer,20260608_103724,13,13,sim_creatures/dancer/logs/20260608_103724
2026-06-22,17:36:03,sim_creatures,midi-dancer,20260622_173603,4,5,sim_creatures/midi-dancer/logs/20260622_173603
2026-06-22,20:57:59,sim_creatures,midi-dancer,20260622_205759,38,6,sim_creatures/midi-dancer/logs/20260622_205759
2026-06-22,22:24:50,sim_creatures,tango-dancer,20260622_222450,4,4,sim_creatures/tango-dancer/logs/20260622_222450
2026-06-22,22:37:49,sim_creatures,tango-dancer,20260622_223749,49,5,sim_creatures/tango-dancer/logs/20260622_223749
2026-06-23,07:02:05,sim_creatures,tango-dancer,20260623_070205,4,5,sim_creatures/tango-dancer/logs/20260623_070205
2026-06-23,07:18:24,sim_creatures,tango-dancer,20260623_071824,2,3,sim_creatures/tango-dancer/logs/20260623_071824
2026-06-23,08:15:46,sim_creatures,tango-dancer,20260623_081546,1,2,sim_creatures/tango-dancer/logs/20260623_081546
2026-06-23,09:51:18,sim_creatures,tango-dancer,20260623_095118,3,4,sim_creatures/tango-dancer/logs/20260623_095118
2026-06-23,09:59:54,sim_creatures,tango-dancer,20260623_095954,45,3,sim_creatures/tango-dancer/logs/20260623_095954
2026-06-23,10:00:16,sim_creatures,tango-dancer,20260623_100016,8,9,sim_creatures/tango-dancer/logs/20260623_100016
2026-06-23,10:40:01,sim_creatures,tango-dancer,20260623_104001,15,11,sim_creatures/tango-dancer/logs/20260623_104001
2026-06-23,20:53:40,sim_creatures,lala,20260623_205340,21,19,sim_creatures/lala/logs/20260623_205340
2026-06-23,23:25:30,sim_creatures,lala,20260623_232530,2,3,sim_creatures/lala/logs/20260623_232530
2026-06-23,23:47:06,sim_creatures,lala,20260623_234706,6,3,sim_creatures/lala/logs/20260623_234706
2026-06-24,00:12:37,sim_creatures,lala,20260624_001237,9,6,sim_creatures/lala/logs/20260624_001237
2026-06-24,07:11:46,sim_creatures,lala,20260624_071146,19,20,sim_creatures/lala/logs/20260624_071146
2026-06-24,08:38:06,sim_creatures,lala,20260624_083806,23,21,sim_creatures/lala/logs/20260624_083806
2026-06-24,09:12:44,sim_creatures,lala,20260624_091244,20,20,sim_creatures/lala/logs/20260624_091244
2026-06-24,09:56:48,sim_creatures,lala_wrist,20260624_095648,23,24,sim_creatures/lala_wrist/logs/20260624_095648
2026-06-25,08:25:19,sim_creatures,lala_repeated/lala_hips,20260625_082519,21,22,sim_creatures/lala_repeated/lala_hips/logs/20260625_082519
2026-06-25,08:41:02,sim_creatures,lala_repeated/lala_hips,20260625_084102,22,20,sim_creatures/lala_repeated/lala_hips/logs/20260625_084102
2026-06-25,08:50:11,sim_creatures,lala_repeated/lala_hips,20260625_085011,23,24,sim_creatures/lala_repeated/lala_hips/logs/20260625_085011
2026-06-25,08:58:29,sim_creatures,lala_repeated/lala_hips,20260625_085829,31,31,sim_creatures/lala_repeated/lala_hips/logs/20260625_085829
2026-06-25,09:13:45,sim_creatures,lala_repeated/lala_hips,20260625_091345,24,24,sim_creatures/lala_repeated/lala_hips/logs/20260625_091345
2026-06-25,09:42:18,sim_creatures,lala_repeated/lala_wrist,20260625_094218,30,31,sim_creatures/lala_repeated/lala_wrist/logs/20260625_094218
2026-06-25,09:58:46,sim_creatures,lala_repeated/lala_wrist,20260625_095846,22,23,sim_creatures/lala_repeated/lala_wrist/logs/20260625_095846
2026-06-25,10:07:19,sim_creatures,lala_repeated/lala_wrist,20260625_100719,27,28,sim_creatures/lala_repeated/lala_wrist/logs/20260625_100719
2026-06-25,10:16:26,sim_creatures,lala_repeated/lala_wrist,20260625_101626,29,29,sim_creatures/lala_repeated/lala_wrist/logs/20260625_101626
2026-06-25,10:27:21,sim_creatures,lala_repeated/lala_wrist,20260625_102721,30,29,sim_creatures/lala_repeated/lala_wrist/logs/20260625_102721
2026-06-25,15:40:06,sim_creatures,lala_repeated/tap129_hips,20260625_154006,34,28,sim_creatures/lala_repeated/tap129_hips/logs/20260625_154006
2026-06-25,15:53:52,sim_creatures,lala_repeated/tap129_hips,20260625_155352,27,26,sim_creatures/lala_repeated/tap129_hips/logs/20260625_155352
2026-06-25,16:09:25,sim_creatures,lala_repeated/tap129_hips,20260625_160925,30,31,sim_creatures/lala_repeated/tap129_hips/logs/20260625_160925
2026-06-25,16:19:37,sim_creatures,lala_repeated/tap129_hips,20260625_161937,32,32,sim_creatures/lala_repeated/tap129_hips/logs/20260625_161937
2026-06-25,16:31:59,sim_creatures,lala_repeated/tap129_hips,20260625_163159,26,27,sim_creatures/lala_repeated/tap129_hips/logs/20260625_163159
2026-06-25,21:20:46,sim_creatures,lala_repeated/tap129_opus_hips,20260625_212046,42,12,sim_creatures/lala_repeated/tap129_opus_hips/logs/20260625_212046
2026-06-25,21:44:03,sim_creatures,lala_repeated/tap129_opus_hips,20260625_214403,43,15,sim_creatures/lala_repeated/tap129_opus_hips/logs/20260625_214403
2026-06-25,21:59:21,sim_creatures,lala_repeated/tap129_opus_hips,20260625_215921,46,8,sim_creatures/lala_repeated/tap129_opus_hips/logs/20260625_215921
2026-06-27,11:07:25,sim_creatures,lala_repeated/tap129_calc_hips,20260627_110725,34,33,sim_creatures/lala_repeated/tap129_calc_hips/logs/20260627_110725
2026-06-27,11:20:46,sim_creatures,lala_repeated/tap129_calc_hips,20260627_112046,36,31,sim_creatures/lala_repeated/tap129_calc_hips/logs/20260627_112046
2026-06-27,16:02:43,sim_creatures,lala_repeated/tap129_calc_hips,20260627_160243,4,5,sim_creatures/lala_repeated/tap129_calc_hips/logs/20260627_160243
2026-06-27,16:09:48,sim_creatures,lala_repeated/tap129_calc_hips,20260627_160948,21,21,sim_creatures/lala_repeated/tap129_calc_hips/logs/20260627_160948
2026-06-27,22:29:58,sim_creatures,lala_repeated/lala_wrist_expressive,20260627_222958,20,21,sim_creatures/lala_repeated/lala_wrist_expressive/logs/20260627_222958
2026-06-27,23:08:45,sim_creatures,lala_repeated/lala_wrist_expressive,20260627_230845,25,25,sim_creatures/lala_repeated/lala_wrist_expressive/logs/20260627_230845
2026-06-27,23:48:40,sim_creatures,lala_repeated/lala_wrist_expressive,20260627_234840,23,24,sim_creatures/lala_repeated/lala_wrist_expressive/logs/20260627_234840
2026-06-28,00:03:21,sim_creatures,lala_repeated/lala_wrist_expressive,20260628_000321,21,22,sim_creatures/lala_repeated/lala_wrist_expressive/logs/20260628_000321
2026-06-28,11:18:50,sim_creatures,lala_repeated/lala_wrist_expressive_z,20260628_111850,17,18,sim_creatures/lala_repeated/lala_wrist_expressive_z/logs/20260628_111850
2026-06-28,12:17:02,sim_creatures,lala_repeated/lala_wrist_expressive_dyn,20260628_121702,27,27,sim_creatures/lala_repeated/lala_wrist_expressive_dyn/logs/20260628_121702
2026-06-28,20:18:33,sim_creatures,lala_repeated/lala_wrist_expressive_dyn,20260628_201833,21,22,sim_creatures/lala_repeated/lala_wrist_expressive_dyn/logs/20260628_201833
2026-06-29,07:18:06,sim_creatures,lala_repeated/lala_wrist_expressive_dyn,20260629_071806,29,29,sim_creatures/lala_repeated/lala_wrist_expressive_dyn/logs/20260629_071806
2026-06-29,07:37:27,sim_creatures,lala_repeated/lala_wrist_expressive_dyn,20260629_073727,25,25,sim_creatures/lala_repeated/lala_wrist_expressive_dyn/logs/20260629_073727
2026-06-29,12:40:55,sim_creatures,lala_repeated/lala_wrist_expressive_dyn,20260629_124055,21,22,sim_creatures/lala_repeated/lala_wrist_expressive_dyn/logs/20260629_124055
2026-06-29,12:48:19,sim_creatures,lala_repeated/lala_wrist_expressive_dyn,20260629_124819,22,19,sim_creatures/lala_repeated/lala_wrist_expressive_dyn/logs/20260629_124819
2026-06-29,15:19:06,sim_creatures,lala_repeated/lala_wrist_expressive_dyn,20260629_151906,17,18,sim_creatures/lala_repeated/lala_wrist_expressive_dyn/logs/20260629_151906
2026-06-29,15:27:05,sim_creatures,lala_repeated/lala_wrist_expressive_dyn,20260629_152705,29,27,sim_creatures/lala_repeated/lala_wrist_expressive_dyn/logs/20260629_152705
2026-06-30,06:07:24,sim_creatures,lala_repeated/lala_wrist_expressive_dyn,20260630_060724,22,22,sim_creatures/lala_repeated/lala_wrist_expressive_dyn/logs/20260630_060724
2026-06-30,10:49:04,sim_creatures,lala_repeated/lala_expressive_pose,20260630_104904,30,31,sim_creatures/lala_repeated/lala_expressive_pose/logs/20260630_104904
2026-06-30,10:57:49,sim_creatures,lala_repeated/lala_expressive_pose,20260630_105749,24,25,sim_creatures/lala_repeated/lala_expressive_pose/logs/20260630_105749
2026-06-30,12:16:29,sim_creatures,lala_repeated/lala_expressive_pose,20260630_121629,23,24,sim_creatures/lala_repeated/lala_expressive_pose/logs/20260630_121629
2026-06-30,12:24:11,sim_creatures,lala_repeated/lala_expressive_pose,20260630_122411,21,22,sim_creatures/lala_repeated/lala_expressive_pose/logs/20260630_122411
2026-06-30,12:30:06,sim_creatures,lala_repeated/lala_expressive_madgwick,20260630_123006,26,27,sim_creatures/lala_repeated/lala_expressive_madgwick/logs/20260630_123006
2026-06-30,12:40:51,sim_creatures,lala_repeated/lala_expressive_madgwick,20260630_124051,2,3,sim_creatures/lala_repeated/lala_expressive_madgwick/logs/20260630_124051
2026-06-30,13:04:00,sim_creatures,lala_repeated/lala_expressive_madgwick,20260630_130400,21,20,sim_creatures/lala_repeated/lala_expressive_madgwick/logs/20260630_130400
2026-06-30,13:17:13,sim_creatures,lala_repeated/lala_expressive_madgwick,20260630_131713,24,24,sim_creatures/lala_repeated/lala_expressive_madgwick/logs/20260630_131713
2026-06-30,13:35:02,sim_creatures,lala_repeated/lala_expressive_madgwick,20260630_133502,24,24,sim_creatures/lala_repeated/lala_expressive_madgwick/logs/20260630_133502
2026-06-30,13:43:15,sim_creatures,lala_repeated/lala_expressive_madgwick,20260630_134315,17,18,sim_creatures/lala_repeated/lala_expressive_madgwick/logs/20260630_134315
2026-06-30,14:03:52,sim_creatures,lala_repeated/lala_expressive_minseed,20260630_140352,25,24,sim_creatures/lala_repeated/lala_expressive_minseed/logs/20260630_140352
2026-06-30,14:12:14,sim_creatures,lala_repeated/lala_expressive_minseed,20260630_141214,10,11,sim_creatures/lala_repeated/lala_expressive_minseed/logs/20260630_141214
2026-06-30,14:43:45,sim_creatures,lala_repeated/lala_expressive_minseed,20260630_144345,27,28,sim_creatures/lala_repeated/lala_expressive_minseed/logs/20260630_144345
2026-06-30,19:43:52,sim_creatures,lala_repeated/lala_gesture_techno,20260630_194352,21,22,sim_creatures/lala_repeated/lala_gesture_techno/logs/20260630_194352
2026-06-30,19:54:11,sim_creatures,lala_repeated/lala_gesture_techno,20260630_195411,4,5,sim_creatures/lala_repeated/lala_gesture_techno/logs/20260630_195411
2026-06-30,20:00:47,sim_creatures,lala_repeated/lala_gesture_techno,20260630_200047,25,25,sim_creatures/lala_repeated/lala_gesture_techno/logs/20260630_200047
2026-06-30,20:26:20,sim_creatures,lala_repeated/lala_gesture_techno,20260630_202620,4,5,sim_creatures/lala_repeated/lala_gesture_techno/logs/20260630_202620
2026-06-30,21:03:59,sim_creatures,lala_repeated/lala_gesture_techno,20260630_210359,25,26,sim_creatures/lala_repeated/lala_gesture_techno/logs/20260630_210359
2026-07-02,09:45:19,sim_creatures,lala_repeated/lala_gesture_techno2,20260702_094519,19,20,sim_creatures/lala_repeated/lala_gesture_techno2/logs/20260702_094519
2026-07-02,10:22:40,sim_creatures,lala_repeated/lala_gesture_techno,20260702_102240,0,1,sim_creatures/lala_repeated/lala_gesture_techno/logs/20260702_102240
2026-07-02,10:22:48,sim_creatures,lala_repeated/lala_gesture_techno2,20260702_102248,16,16,sim_creatures/lala_repeated/lala_gesture_techno2/logs/20260702_102248
2026-07-02,10:38:25,sim_creatures,lala_repeated/lala_gesture_techno2,20260702_103825,38,38,sim_creatures/lala_repeated/lala_gesture_techno2/logs/20260702_103825
2026-07-02,11:55:22,sim_creatures,lala_repeated/lala_gesture_techno2,20260702_115522,24,25,sim_creatures/lala_repeated/lala_gesture_techno2/logs/20260702_115522
2026-07-02,13:53:43,sim_creatures,lala_repeated/lala_gesture_techno2,20260702_135343,0,1,sim_creatures/lala_repeated/lala_gesture_techno2/logs/20260702_135343
2026-07-02,13:56:04,sim_creatures,lala_repeated/lala_gesture_techno2,20260702_135604,19,20,sim_creatures/lala_repeated/lala_gesture_techno2/logs/20260702_135604
2026-07-02,14:03:34,sim_creatures,lala_repeated/lala_gesture_techno2,20260702_140334,23,24,sim_creatures/lala_repeated/lala_gesture_techno2/logs/20260702_140334
2026-07-02,14:30:59,sim_creatures,lala_repeated/lala_gesture_techno2,20260702_143059,20,21,sim_creatures/lala_repeated/lala_gesture_techno2/logs/20260702_143059
2026-07-02,14:49:11,sim_creatures,lala_repeated/lala_gesture_techno2,20260702_144911,24,24,sim_creatures/lala_repeated/lala_gesture_techno2/logs/20260702_144911
2026-07-02,15:44:23,sim_creatures,lala_repeated/lala_gesture_techno2,20260702_154423,7,7,sim_creatures/lala_repeated/lala_gesture_techno2/logs/20260702_154423
2026-07-02,15:59:43,sim_creatures,lala_repeated/lala_gesture_techno2,20260702_155943,28,28,sim_creatures/lala_repeated/lala_gesture_techno2/logs/20260702_155943
2026-07-02,18:12:56,sim_creatures,lala_repeated/lala_gesture_techno2,20260702_181256,0,1,sim_creatures/lala_repeated/lala_gesture_techno2/logs/20260702_181256
2026-07-02,18:13:07,sim_creatures,lala_repeated/lala_gesture_techno2,20260702_181307,24,24,sim_creatures/lala_repeated/lala_gesture_techno2/logs/20260702_181307
2026-07-03,10:59:21,sim_creatures,lala_ears/1_just_ears,20260703_105921,25,24,sim_creatures/lala_ears/1_just_ears/logs/20260703_105921
2026-07-03,12:29:29,sim_creatures,lala_ears/1_just_ears,20260703_122929,0,1,sim_creatures/lala_ears/1_just_ears/logs/20260703_122929
2026-07-03,12:29:44,sim_creatures,lala_ears/2_ear_hint,20260703_122944,40,39,sim_creatures/lala_ears/2_ear_hint/logs/20260703_122944
2026-07-03,12:56:57,sim_creatures,lala_ears/3_ears_warrant_reflection,20260703_125657,20,19,sim_creatures/lala_ears/3_ears_warrant_reflection/logs/20260703_125657
2026-07-03,13:16:52,sim_creatures,lala_ears/3_ears_warrant_reflection,20260703_131652,22,22,sim_creatures/lala_ears/3_ears_warrant_reflection/logs/20260703_131652
2026-07-03,13:45:22,sim_creatures,lala_ears/4_timed_ears,20260703_134522,11,12,sim_creatures/lala_ears/4_timed_ears/logs/20260703_134522
2026-07-03,13:51:19,sim_creatures,lala_ears/4_timed_ears,20260703_135119,21,21,sim_creatures/lala_ears/4_timed_ears/logs/20260703_135119
2026-07-03,17:11:50,sim_creatures,lala_ears/4b_cc_report,20260703_171150,8,9,sim_creatures/lala_ears/4b_cc_report/logs/20260703_171150
2026-07-03,17:19:14,sim_creatures,lala_ears/5_flow,20260703_171914,10,11,sim_creatures/lala_ears/5_flow/logs/20260703_171914
2026-07-03,17:57:17,sim_creatures,lala_ears/4_timed_ears,20260703_175717,21,21,sim_creatures/lala_ears/4_timed_ears/logs/20260703_175717
2026-07-03,19:28:02,sim_creatures,lala_ears/5_flow,20260703_192802,8,9,sim_creatures/lala_ears/5_flow/logs/20260703_192802
2026-07-03,19:44:20,sim_creatures,lala_ears/4c_inherited_experience,20260703_194420,20,21,sim_creatures/lala_ears/4c_inherited_experience/logs/20260703_194420
2026-07-03,21:36:58,sim_creatures,lala_ears/6_motion_organ,20260703_213658,8,9,sim_creatures/lala_ears/6_motion_organ/logs/20260703_213658
2026-07-04,07:10:36,sim_creatures,lala_ears/7_pulse,20260704_071036,8,9,sim_creatures/lala_ears/7_pulse/logs/20260704_071036
2026-07-04,08:28:16,sim_creatures,lala_ears/8_episode,20260704_082816,8,9,sim_creatures/lala_ears/8_episode/logs/20260704_082816
2026-07-04,09:47:49,sim_creatures,lala_ears/8b_phrase_and_ictus,20260704_094749,10,10,sim_creatures/lala_ears/8b_phrase_and_ictus/logs/20260704_094749
2026-07-04,09:56:05,sim_creatures,lala_ears/8b_phrase_and_ictus,20260704_095605,9,10,sim_creatures/lala_ears/8b_phrase_and_ictus/logs/20260704_095605
2026-07-04,10:01:34,sim_creatures,lala_ears/8b_phrase_and_ictus,20260704_100134,8,9,sim_creatures/lala_ears/8b_phrase_and_ictus/logs/20260704_100134
2026-07-04,10:16:14,sim_creatures,lala_ears/8b_phrase_and_ictus,20260704_101614,8,9,sim_creatures/lala_ears/8b_phrase_and_ictus/logs/20260704_101614
2026-07-04,10:23:05,sim_creatures,lala_ears/8b_phrase_and_ictus,20260704_102305,18,19,sim_creatures/lala_ears/8b_phrase_and_ictus/logs/20260704_102305
2026-07-04,10:48:22,sim_creatures,lala_ears/8b_phrase_and_ictus,20260704_104822,9,10,sim_creatures/lala_ears/8b_phrase_and_ictus/logs/20260704_104822
2026-07-04,10:59:07,sim_creatures,lala_ears/8b_phrase_and_ictus,20260704_105907,8,9,sim_creatures/lala_ears/8b_phrase_and_ictus/logs/20260704_105907
2026-07-04,11:26:26,sim_creatures,lala_ears/8b_phrase_and_ictus,20260704_112626,11,11,sim_creatures/lala_ears/8b_phrase_and_ictus/logs/20260704_112626
2026-07-04,11:38:53,sim_creatures,lala_ears/8b_phrase_and_ictus,20260704_113853,11,12,sim_creatures/lala_ears/8b_phrase_and_ictus/logs/20260704_113853
2026-07-04,11:45:57,sim_creatures,lala_ears/8b_phrase_and_ictus,20260704_114557,11,12,sim_creatures/lala_ears/8b_phrase_and_ictus/logs/20260704_114557
2026-07-04,11:54:53,sim_creatures,lala_ears/8b_phrase_and_ictus,20260704_115453,11,12,sim_creatures/lala_ears/8b_phrase_and_ictus/logs/20260704_115453
2026-07-04,15:06:53,sim_creatures,lala_ears/8b_phrase_and_ictus,20260704_150653,13,14,sim_creatures/lala_ears/8b_phrase_and_ictus/logs/20260704_150653
2026-07-04,15:17:01,sim_creatures,lala_ears/8b_phrase_and_ictus,20260704_151701,11,11,sim_creatures/lala_ears/8b_phrase_and_ictus/logs/20260704_151701
2026-07-05,18:43:41,sim_creatures,i_want_to_be_touched/0_live_loop,20260705_184341,0,1,sim_creatures/i_want_to_be_touched/0_live_loop/logs/20260705_184341
2026-07-05,19:53:52,sim_creatures,i_want_to_be_touched/0_live_loop,20260705_195352,0,1,sim_creatures/i_want_to_be_touched/0_live_loop/logs/20260705_195352
2026-07-05,19:55:04,sim_creatures,i_want_to_be_touched/0_live_loop,20260705_195504,0,1,sim_creatures/i_want_to_be_touched/0_live_loop/logs/20260705_195504
2026-07-05,19:56:23,sim_creatures,i_want_to_be_touched/0_live_loop,20260705_195623,0,1,sim_creatures/i_want_to_be_touched/0_live_loop/logs/20260705_195623
2026-07-06,06:58:30,sim_creatures,i_want_to_be_touched/0_live_loop,20260706_065830,0,1,sim_creatures/i_want_to_be_touched/0_live_loop/logs/20260706_065830
2026-07-06,06:58:45,sim_creatures,i_want_to_be_touched/0_live_loop,20260706_065845,0,1,sim_creatures/i_want_to_be_touched/0_live_loop/logs/20260706_065845
2026-07-06,07:27:41,sim_creatures,i_want_to_be_touched/0_live_loop,20260706_072741,0,1,sim_creatures/i_want_to_be_touched/0_live_loop/logs/20260706_072741
2026-07-06,07:33:17,sim_creatures,i_want_to_be_touched/0_live_loop,20260706_073317,0,1,sim_creatures/i_want_to_be_touched/0_live_loop/logs/20260706_073317
2026-07-06,07:40:57,sim_creatures,i_want_to_be_touched/0_live_loop,20260706_074057,0,1,sim_creatures/i_want_to_be_touched/0_live_loop/logs/20260706_074057
2026-07-06,07:45:48,sim_creatures,i_want_to_be_touched/0_live_loop,20260706_074548,0,1,sim_creatures/i_want_to_be_touched/0_live_loop/logs/20260706_074548
2026-07-06,07:55:08,sim_creatures,i_want_to_be_touched/1_handling,20260706_075508,0,1,sim_creatures/i_want_to_be_touched/1_handling/logs/20260706_075508
2026-07-06,08:02:00,sim_creatures,i_want_to_be_touched/1_handling,20260706_080200,2,1,sim_creatures/i_want_to_be_touched/1_handling/logs/20260706_080200
2026-07-06,08:04:24,sim_creatures,i_want_to_be_touched/1_handling,20260706_080424,6,7,sim_creatures/i_want_to_be_touched/1_handling/logs/20260706_080424
2026-07-06,08:51:19,sim_creatures,i_want_to_be_touched/2_hunger,20260706_085119,0,1,sim_creatures/i_want_to_be_touched/2_hunger/logs/20260706_085119
2026-07-06,17:06:52,sim_creatures,i_want_to_be_touched/2_hunger,20260706_170652,5,6,sim_creatures/i_want_to_be_touched/2_hunger/logs/20260706_170652
2026-07-06,17:34:48,sim_creatures,i_want_to_be_touched/2_hunger,20260706_173448,5,6,sim_creatures/i_want_to_be_touched/2_hunger/logs/20260706_173448
2026-07-07,06:30:33,sim_creatures,i_want_to_be_touched/2_hunger,20260707_063033,4,5,sim_creatures/i_want_to_be_touched/2_hunger/logs/20260707_063033
2026-07-07,06:50:18,sim_creatures,i_want_to_be_touched/3_together,20260707_065018,2,3,sim_creatures/i_want_to_be_touched/3_together/logs/20260707_065018
2026-07-07,06:55:57,sim_creatures,i_want_to_be_touched/3_together,20260707_065557,4,3,sim_creatures/i_want_to_be_touched/3_together/logs/20260707_065557
2026-07-07,07:03:18,sim_creatures,i_want_to_be_touched/3_together,20260707_070318,2,1,sim_creatures/i_want_to_be_touched/3_together/logs/20260707_070318
2026-07-07,07:30:29,sim_creatures,i_want_to_be_touched/4_familiar,20260707_073029,3,2,sim_creatures/i_want_to_be_touched/4_familiar/logs/20260707_073029
2026-07-07,08:01:23,sim_creatures,i_want_to_be_touched/5_expressive,20260707_080123,3,1,sim_creatures/i_want_to_be_touched/5_expressive/logs/20260707_080123
2026-07-07,08:11:29,sim_creatures,i_want_to_be_touched/5_expressive,20260707_081129,2,2,sim_creatures/i_want_to_be_touched/5_expressive/logs/20260707_081129
2026-07-07,08:24:35,sim_creatures,i_want_to_be_touched/5_expressive,20260707_082435,1,2,sim_creatures/i_want_to_be_touched/5_expressive/logs/20260707_082435
2026-07-07,08:43:49,sim_creatures,i_want_to_be_touched/5_expressive,20260707_084349,2,1,sim_creatures/i_want_to_be_touched/5_expressive/logs/20260707_084349
2026-07-07,08:48:23,sim_creatures,i_want_to_be_touched/5_expressive,20260707_084823,1,2,sim_creatures/i_want_to_be_touched/5_expressive/logs/20260707_084823
2026-07-07,08:59:01,sim_creatures,i_want_to_be_touched/5_expressive,20260707_085901,2,1,sim_creatures/i_want_to_be_touched/5_expressive/logs/20260707_085901
2026-07-07,09:06:40,sim_creatures,i_want_to_be_touched/5_expressive,20260707_090640,2,3,sim_creatures/i_want_to_be_touched/5_expressive/logs/20260707_090640
2026-07-07,17:10:06,sim_creatures,i_want_to_be_touched/0_live_loop,20260707_171006,0,1,sim_creatures/i_want_to_be_touched/0_live_loop/logs/20260707_171006
2026-07-07,17:41:04,sim_creatures,i_want_to_be_touched/2_hunger,20260707_174104,0,1,sim_creatures/i_want_to_be_touched/2_hunger/logs/20260707_174104
2026-07-07,21:27:19,sim_creatures,i_want_to_be_touched/5_expressive,20260707_212719,3,3,sim_creatures/i_want_to_be_touched/5_expressive/logs/20260707_212719
2026-07-08,07:30:57,sim_creatures,i_want_to_be_touched/5_expressive,20260708_073057,0,1,sim_creatures/i_want_to_be_touched/5_expressive/logs/20260708_073057
2026-07-08,08:03:50,sim_creatures,air_drum/0_strike_loop,20260708_080350,1,2,sim_creatures/air_drum/0_strike_loop/logs/20260708_080350
2026-07-08,08:09:32,sim_creatures,air_drum/0_strike_loop,20260708_080932,0,1,sim_creatures/air_drum/0_strike_loop/logs/20260708_080932
2026-07-08,08:14:15,sim_creatures,air_drum/0_strike_loop,20260708_081415,0,1,sim_creatures/air_drum/0_strike_loop/logs/20260708_081415
2026-07-08,08:17:16,sim_creatures,air_drum/0_strike_loop,20260708_081716,0,1,sim_creatures/air_drum/0_strike_loop/logs/20260708_081716
2026-07-08,08:45:33,sim_creatures,air_drum/0_strike_loop,20260708_084533,0,1,sim_creatures/air_drum/0_strike_loop/logs/20260708_084533
2026-07-08,08:50:24,sim_creatures,air_drum/0_strike_loop,20260708_085024,0,1,sim_creatures/air_drum/0_strike_loop/logs/20260708_085024
2026-07-08,08:50:47,sim_creatures,air_drum/0_strike_loop,20260708_085047,0,1,sim_creatures/air_drum/0_strike_loop/logs/20260708_085047
2026-07-08,08:51:06,sim_creatures,air_drum/0_strike_loop,20260708_085106,0,1,sim_creatures/air_drum/0_strike_loop/logs/20260708_085106
2026-07-08,08:51:30,sim_creatures,air_drum/0_strike_loop,20260708_085130,0,1,sim_creatures/air_drum/0_strike_loop/logs/20260708_085130
2026-07-08,13:03:55,sim_creatures,air_drum/0_strike_loop,20260708_130355,0,1,sim_creatures/air_drum/0_strike_loop/logs/20260708_130355
2026-07-08,13:08:32,sim_creatures,air_drum/0_strike_loop,20260708_130832,0,1,sim_creatures/air_drum/0_strike_loop/logs/20260708_130832
2026-07-08,13:43:21,sim_creatures,air_drum/0_strike_loop,20260708_134321,0,1,sim_creatures/air_drum/0_strike_loop/logs/20260708_134321
2026-07-08,13:44:10,sim_creatures,air_drum/0_strike_loop,20260708_134410,0,1,sim_creatures/air_drum/0_strike_loop/logs/20260708_134410
2026-07-09,07:39:14,sim_creatures,air_drum/0_strike_loop,20260709_073914,0,1,sim_creatures/air_drum/0_strike_loop/logs/20260709_073914
2026-07-09,07:40:12,sim_creatures,air_drum/0_strike_loop,20260709_074012,0,1,sim_creatures/air_drum/0_strike_loop/logs/20260709_074012
2026-07-09,07:40:41,sim_creatures,air_drum/0_strike_loop,20260709_074041,0,1,sim_creatures/air_drum/0_strike_loop/logs/20260709_074041
2026-07-09,10:34:33,sim_creatures,air_drum/0_strike_loop,20260709_103433,0,1,sim_creatures/air_drum/0_strike_loop/logs/20260709_103433
2026-07-09,10:35:40,sim_creatures,air_drum/0_strike_loop,20260709_103540,0,1,sim_creatures/air_drum/0_strike_loop/logs/20260709_103540
2026-07-09,10:38:04,sim_creatures,air_drum/0_strike_loop,20260709_103804,0,1,sim_creatures/air_drum/0_strike_loop/logs/20260709_103804
2026-07-09,10:39:21,sim_creatures,air_drum/0_strike_loop,20260709_103921,0,1,sim_creatures/air_drum/0_strike_loop/logs/20260709_103921
2026-07-09,11:02:59,sim_creatures,air_drum/0_strike_loop,20260709_110259,0,1,sim_creatures/air_drum/0_strike_loop/logs/20260709_110259
2026-07-09,11:04:24,sim_creatures,air_drum/0_strike_loop,20260709_110424,0,1,sim_creatures/air_drum/0_strike_loop/logs/20260709_110424
2026-07-09,11:04:44,sim_creatures,air_drum/0_strike_loop,20260709_110444,0,1,sim_creatures/air_drum/0_strike_loop/logs/20260709_110444
2026-07-09,11:05:07,sim_creatures,air_drum/0_strike_loop,20260709_110507,0,1,sim_creatures/air_drum/0_strike_loop/logs/20260709_110507
2026-07-09,11:10:13,sim_creatures,air_drum/0_strike_loop,20260709_111013,0,1,sim_creatures/air_drum/0_strike_loop/logs/20260709_111013
2026-07-09,11:57:41,sim_creatures,air_drum/0_strike_loop,20260709_115741,0,1,sim_creatures/air_drum/0_strike_loop/logs/20260709_115741
2026-07-09,11:58:36,sim_creatures,air_drum/0_strike_loop,20260709_115836,0,1,sim_creatures/air_drum/0_strike_loop/logs/20260709_115836
2026-07-09,11:59:27,sim_creatures,air_drum/0_strike_loop,20260709_115927,0,1,sim_creatures/air_drum/0_strike_loop/logs/20260709_115927
2026-07-09,12:13:03,sim_creatures,air_drum/0_strike_loop,20260709_121303,0,1,sim_creatures/air_drum/0_strike_loop/logs/20260709_121303
2026-07-09,12:19:54,sim_creatures,air_drum/0_strike_loop,20260709_121954,0,1,sim_creatures/air_drum/0_strike_loop/logs/20260709_121954
2026-07-09,12:27:41,sim_creatures,air_drum/0_strike_loop,20260709_122741,0,1,sim_creatures/air_drum/0_strike_loop/logs/20260709_122741
2026-07-09,12:37:20,sim_creatures,air_drum/0_strike_loop,20260709_123720,0,1,sim_creatures/air_drum/0_strike_loop/logs/20260709_123720
2026-07-11,07:03:12,sim_creatures,kata-master/1_swoosh,20260711_070312,0,1,sim_creatures/kata-master/1_swoosh/logs/20260711_070312
2026-07-11,07:08:54,sim_creatures,kata-master/1_swoosh,20260711_070854,0,1,sim_creatures/kata-master/1_swoosh/logs/20260711_070854
2026-07-11,07:09:11,sim_creatures,kata-master/1_swoosh,20260711_070911,1,1,sim_creatures/kata-master/1_swoosh/logs/20260711_070911
2026-07-11,07:26:18,sim_creatures,kata-master/1_swoosh,20260711_072618,0,1,sim_creatures/kata-master/1_swoosh/logs/20260711_072618
2026-07-11,07:27:17,sim_creatures,kata-master/1_swoosh,20260711_072717,0,1,sim_creatures/kata-master/1_swoosh/logs/20260711_072717
2026-07-11,07:30:08,sim_creatures,kata-master/2_tones,20260711_073008,0,1,sim_creatures/kata-master/2_tones/logs/20260711_073008
2026-07-11,07:35:29,sim_creatures,kata-master/1_swoosh,20260711_073529,0,1,sim_creatures/kata-master/1_swoosh/logs/20260711_073529
2026-07-11,07:35:55,sim_creatures,kata-master/1_swoosh,20260711_073555,0,1,sim_creatures/kata-master/1_swoosh/logs/20260711_073555
2026-07-11,07:53:46,sim_creatures,kata-master/1_swoosh,20260711_075346,0,1,sim_creatures/kata-master/1_swoosh/logs/20260711_075346
2026-07-11,07:54:09,sim_creatures,kata-master/1_swoosh,20260711_075409,0,1,sim_creatures/kata-master/1_swoosh/logs/20260711_075409
2026-07-11,08:03:05,sim_creatures,kata-master/1_swoosh,20260711_080305,0,1,sim_creatures/kata-master/1_swoosh/logs/20260711_080305
2026-07-11,08:32:33,sim_creatures,kata-master/1_swoosh,20260711_083233,0,1,sim_creatures/kata-master/1_swoosh/logs/20260711_083233
2026-07-11,08:35:09,sim_creatures,kata-master/1_swoosh,20260711_083509,0,1,sim_creatures/kata-master/1_swoosh/logs/20260711_083509
2026-07-11,08:43:54,sim_creatures,kata-master/1_swoosh,20260711_084354,0,1,sim_creatures/kata-master/1_swoosh/logs/20260711_084354
2026-07-11,08:54:09,sim_creatures,kata-master/2_tones,20260711_085409,0,1,sim_creatures/kata-master/2_tones/logs/20260711_085409
2026-07-11,08:54:54,sim_creatures,kata-master/1_swoosh,20260711_085454,0,1,sim_creatures/kata-master/1_swoosh/logs/20260711_085454
2026-07-11,09:02:33,sim_creatures,kata-master/1_swoosh,20260711_090233,0,1,sim_creatures/kata-master/1_swoosh/logs/20260711_090233
2026-07-11,09:04:17,sim_creatures,kata-master/1_swoosh,20260711_090417,0,1,sim_creatures/kata-master/1_swoosh/logs/20260711_090417
2026-07-11,09:05:34,sim_creatures,kata-master/1_swoosh,20260711_090534,0,1,sim_creatures/kata-master/1_swoosh/logs/20260711_090534
2026-07-11,09:17:09,sim_creatures,kata-master/1_swoosh,20260711_091709,0,1,sim_creatures/kata-master/1_swoosh/logs/20260711_091709
2026-07-13,13:55:09,sim_creatures,kata-master/2_tones,20260713_135509,0,1,sim_creatures/kata-master/2_tones/logs/20260713_135509
2026-07-13,13:55:29,sim_creatures,kata-master/2_tones,20260713_135529,0,1,sim_creatures/kata-master/2_tones/logs/20260713_135529
2026-07-13,13:58:28,sim_creatures,kata-master/2_tones,20260713_135828,0,1,sim_creatures/kata-master/2_tones/logs/20260713_135828
2026-07-13,13:59:47,sim_creatures,kata-master/2_tones,20260713_135947,0,1,sim_creatures/kata-master/2_tones/logs/20260713_135947
2026-07-18,07:36:11,creatures,tilt/condition_1,20260718_073611,0,1,creatures/tilt/condition_1/logs/20260718_073611
2026-07-18,07:37:26,creatures,tilt/condition_1,20260718_073726,0,1,creatures/tilt/condition_1/logs/20260718_073726
2026-07-18,07:56:06,creatures,tilt/condition_1,20260718_075606,0,1,creatures/tilt/condition_1/logs/20260718_075606
